trial,failed,cause,disp_r_R_m,disp_r_T_m,disp_r_N_m,disp_v_R_mps,disp_v_T_mps,disp_v_N_mps,disp_r_norm_m,disp_v_norm_mps,predicted_miss_m,t_closest_s,min_range_m,r_cor_entry_t_s,r_cor_entry_speed_mps,dv_tag_total_mps,dv_node_total_mps,tag_ddm_duty,tag_medt_duty,tag_sat_cmd_frac,terminal_sat_frac,terminal_sat_steps,terminal_steps
1,True,no_R_COR_large_alongtrack_velocity_dispersion,32.42415960974114,-114.49481464996181,9.658682089388385,0.005197608183587232,0.0427407258525167,-0.0053618362278716235,119.38877186666654,0.04338817886204259,7.455410029308222e-05,6830.0,41.87582572793867,nan,nan,0.7885024719689706,0.0,0.476058292852186,1.0,0.24496877168632894,0.0,0,0
11,True,no_R_COR_large_alongtrack_velocity_dispersion,35.85974215593541,-135.66744978840222,-5.5858520243277034,0.005620397473303215,0.043107934961176014,-0.004763979558191338,140.43781464554516,0.04373303586084276,7.455410029308222e-05,6760.0,55.669086051214514,nan,nan,0.8062243718126638,0.0,0.43303261623872313,1.0,0.3136710617626648,0.0,0,0
18,True,no_R_COR_large_alongtrack_velocity_dispersion,-41.15574855811598,105.26069744253505,-10.415257840552465,-0.0032486484030831778,-0.03569822942899318,0.003053395942448814,113.49928484952211,0.035975554583539814,7.455410029308222e-05,6940.0,12.122578587490374,nan,nan,0.8810216121611663,0.0,0.4219292158223456,1.0,0.19500346981263011,0.0,0,0
28,True,no_R_COR_large_alongtrack_velocity_dispersion,30.597748088255514,-125.44858132704397,15.57156127144922,0.0069365482996449936,0.04533772520242428,-0.005803140083897227,130.06168638561783,0.04623095784944522,7.455410029308222e-05,6830.0,41.67530245307645,nan,nan,0.768097264690093,0.0,0.5170020818875781,1.0,0.24149895905621097,0.0,0,0
37,True,no_R_COR_large_alongtrack_velocity_dispersion,44.04676230463569,115.47687185727852,15.964934971395408,-0.00833545677132778,0.04796106189973347,0.006375555214467336,124.61903687681222,0.04909573303688887,7.455410029308222e-05,6725.0,72.48913272261863,nan,nan,0.7503229394699924,0.0,0.5218598195697433,1.0,0.31158917418459403,0.0,0,0
65,True,no_R_COR_large_alongtrack_position_dispersion,46.98816487012293,-168.7963772801574,11.034231025895494,-0.016155807811353343,-0.027830868212069405,-0.0032165982103640215,175.5615529525184,0.03234059145287665,7.455410029308222e-05,6800.0,45.80669438662978,nan,nan,0.6879152749913906,0.0,0.6724496877168633,1.0,0.24843858431644691,0.0,0,0
69,True,no_R_COR_moderate_coupled_dispersion,41.63719944000809,-144.32366240903693,0.03373250619662116,-0.011028772028498914,0.02930775125903752,0.004703361185853737,150.20977679980302,0.031665433879276166,7.455410029308222e-05,6715.0,65.44694379730987,nan,nan,0.8057183708242911,0.0,0.63705759888966,1.0,0.3178348369188064,0.0,0,0
72,True,no_R_COR_large_alongtrack_velocity_dispersion,0.42387569339194187,-171.5991769784349,-15.920160920976901,-0.0008533125200125107,-0.04261581585743406,-0.007405658047290109,172.3366146065005,0.04326291338507997,7.455410029308222e-05,6875.0,10.62219867049953,nan,nan,0.32460427326737773,0.0,0.3886190145732131,1.0,0.10756419153365718,0.0,0,0
78,True,no_R_COR_large_alongtrack_velocity_dispersion,49.05707051900403,-126.22570230986736,-6.6293954056001745,-0.004066145975791576,0.03611596210247603,-0.004435324060966223,135.58566655428436,0.036613772834955385,7.455410029308222e-05,6510.0,91.95459888295834,nan,nan,0.7790599617427769,0.0,0.3199167244968772,1.0,0.3469812630117974,0.0,0,0
80,True,no_R_COR_large_alongtrack_position_dispersion,46.99801133441254,-193.9838160614448,-7.546140149475935,-0.0038740770305621015,0.023030945487807847,0.004983851028059583,199.73852456225254,0.023880362098824968,7.455410029308222e-05,6570.0,86.28414201581207,nan,nan,0.759080082327575,0.0,0.6245662734212353,1.0,0.31297709923664124,0.0,0,0
83,True,no_R_COR_large_alongtrack_position_dispersion,41.59716235725128,-165.37198117003476,-2.8366920469774506,-0.008218522728251982,0.028784907269324075,-0.0030830420526288416,170.5469521687422,0.030093523400171313,7.455410029308222e-05,6685.0,69.34594350785865,nan,nan,0.7903981807581446,0.0,0.63705759888966,1.0,0.30811936155447606,0.0,0,0
95,True,no_R_COR_moderate_coupled_dispersion,-13.209832498156025,-44.65583763131295,14.49585808560603,-0.018066433571326663,-0.02011735002388504,-0.004255092685150375,48.77267073701782,0.027371693548808532,7.455410029308222e-05,6870.0,11.426059862672497,nan,nan,0.309320266679221,0.0,0.4302567661346287,1.0,0.12421929215822346,0.0,0,0
112,True,no_R_COR_large_alongtrack_position_dispersion,49.601678345442224,-163.16959892280573,18.64584941837856,-0.009862864579635651,0.029804828947488454,-0.005381305129493064,171.55848043115458,0.031852195704566204,7.455410029308222e-05,6515.0,101.3513158454048,nan,nan,0.8245286488881892,0.0,0.5412907702984039,1.0,0.33587786259541985,0.0,0,0
122,True,no_R_COR_moderate_coupled_dispersion,41.55356404216154,19.787096013881126,2.1444431369084604,-0.01848184269657764,0.012356070435249854,0.005526002172530596,46.074141225160176,0.022908244936544322,7.455410029308222e-05,6920.0,17.23655231196078,nan,nan,1.2982056141813607,0.0,0.3754337265787647,1.0,0.34836918806384454,0.0,0,0
127,True,no_R_COR_large_alongtrack_velocity_dispersion,-48.024061777574424,83.51301793253805,11.332750752876475,0.004214960333845719,-0.041159942671827154,-0.008151010251074921,97.0008552201656,0.04217043679495292,7.455410029308222e-05,6950.0,15.3596272923298,nan,nan,0.8745484001499113,0.0,0.6002775850104094,1.0,0.23455933379597502,0.0,0,0
178,True,no_R_COR_moderate_coupled_dispersion,42.25240524909853,-14.132550129477522,11.091530408859242,0.006554453730703638,0.02568308051653144,-0.0022497976478152194,45.9131437532532,0.026601561570379406,7.455410029308222e-05,6815.0,46.16439828222269,nan,nan,0.9865910634511087,0.0,0.3108952116585704,1.0,0.3102012491325468,0.0,0,0
196,True,no_R_COR_large_alongtrack_position_dispersion,45.88131884947063,-194.5977043881923,-4.371873701622002,0.01675856513306755,-0.026595261028962137,-0.0003703556109258283,199.9811872456607,0.03143715282585947,7.455410029308222e-05,6850.0,31.528969336665035,nan,nan,0.6532401727654156,0.0,0.5829285218598196,1.0,0.24219292158223457,0.0,0,0
202,True,no_R_COR_large_alongtrack_velocity_dispersion,33.03573043484663,-36.784305193374905,6.808391128497114,0.00837888132765165,0.04770395135134557,-0.007386018332914788,49.90790301827756,0.048994141421690084,7.455410029308222e-05,6895.0,13.63470575354765,nan,nan,1.030510687779579,0.0,0.3337959750173491,1.0,0.24843858431644691,0.0,0,0
216,True,no_R_COR_moderate_coupled_dispersion,48.08924672156478,-135.31895616794952,16.652221013648763,0.01251631608578355,0.028220281579607973,0.0038235438400814805,144.57209970571216,0.031107265201052794,7.455410029308222e-05,6520.0,100.37572642070668,nan,nan,0.8086618015750657,0.0,0.5829285218598196,1.0,0.29562803608605137,0.0,0,0
221,True,no_R_COR_large_alongtrack_velocity_dispersion,45.89387026793098,-108.21124078282725,-0.3820304895456772,0.010043705772765164,0.043432249570592135,-0.005691571127105772,117.54176239628039,0.04494029717644267,7.455410029308222e-05,6545.0,87.64154397536707,nan,nan,0.7473213195929974,0.0,0.2741151977793199,1.0,0.3511450381679389,0.0,0,0
257,True,no_R_COR_large_alongtrack_velocity_dispersion,34.30692430847829,-56.92704137653587,2.4467277663384515,-0.0031543141420737296,0.04732076694404318,0.0007316880450315422,66.51044709033353,0.0474314247021379,7.455410029308222e-05,6855.0,34.51480499149773,nan,nan,0.8732395820797721,0.0,0.5655794587092297,1.0,0.2970159611380985,0.0,0,0
261,True,no_R_COR_moderate_coupled_dispersion,49.76411712990323,-38.716482221164256,-11.441420718344414,0.013315367198413839,-0.008095415111725547,0.000909801739987115,64.08072609884049,0.015609692138726925,7.455410029308222e-05,6835.0,39.864510224431,nan,nan,0.7443282552507262,0.0,0.30673143650242884,1.0,0.2727272727272727,0.0,0,0
270,True,no_R_COR_large_alongtrack_position_dispersion,47.661609240397354,-165.90544015096685,-2.572490784856079,-0.008800499875470873,0.01435185055382067,0.006736249005805163,172.6350537286925,0.018132883473004964,7.455410029308222e-05,6615.0,80.7616082864066,nan,nan,0.7497461778021266,0.0,0.6287300485773768,1.0,0.31297709923664124,0.0,0,0
271,True,no_R_COR_large_alongtrack_velocity_dispersion,42.95837384990541,15.514938106379276,-14.981740854032374,0.011572008311435993,0.049109418691680964,-0.009983951097643447,48.068573385221235,0.05143272946397948,7.455410029308222e-05,6705.0,60.787842741783706,nan,nan,0.9729205334026989,0.0,0.2643997224149896,1.0,0.3608605135322693,0.0,0,0
291,True,no_R_COR_moderate_coupled_dispersion,37.13361005652766,-126.3805717586746,-10.066574531646427,0.01714088653069577,0.031124975023347615,0.006337425747094462,132.1071150115729,0.03609344852410388,7.455410029308222e-05,6745.0,57.4013006444578,nan,nan,0.769637651927037,0.0,0.5537820957668286,1.0,0.2997918112421929,0.0,0,0
328,True,no_R_COR_moderate_coupled_dispersion,44.21850856918519,-144.42389198906005,18.537540858903597,-0.0006228479683722185,0.011901849883729922,-0.005098397426728709,152.1748254424703,0.012962855648637814,7.455410029308222e-05,6645.0,81.61492792955383,nan,nan,0.751983670105572,0.0,0.5912560721721027,1.0,0.3164469118667592,0.0,0,0
332,True,no_R_COR_moderate_coupled_dispersion,-47.999247679131926,129.98029388271652,1.305133146931091,-0.0007577938225534452,0.00312497534670729,-0.009900831846498918,138.56589749332707,0.010409908436085098,7.455410029308222e-05,6930.0,11.490153786365562,nan,nan,0.8359917533905792,0.0,0.3414295628036086,1.0,0.1963913948646773,0.0,0,0
333,True,no_R_COR_moderate_coupled_dispersion,45.11110273764953,41.34813088290889,-0.05008044729211747,-0.01890858642043664,0.024074718570404552,0.007151161302164933,61.19380708673171,0.031436695478896694,7.455410029308222e-05,6730.0,60.0789549092294,nan,nan,0.9291200606753933,0.0,0.3060374739764053,1.0,0.3608605135322693,0.0,0,0
334,True,no_R_COR_large_alongtrack_position_dispersion,40.42149646011836,-195.3541884605821,-3.8140293788713997,0.002883205387677102,0.0038037354400951365,-0.0032032445988431956,199.52870255998477,0.00574822168725112,7.455410029308222e-05,6785.0,45.656893310962346,nan,nan,0.7313793625910285,0.0,0.5933379597501734,1.0,0.25260235947258847,0.0,0,0
345,True,no_R_COR_moderate_coupled_dispersion,41.37954447768573,-59.59835930125533,2.7289359220515728,-0.005200262720906582,0.031620734591457575,0.003986102228082817,72.60632358031195,0.03229245421832443,7.455410029308222e-05,6755.0,61.36046913374815,nan,nan,0.7990537597257229,0.0,0.5954198473282443,1.0,0.3240804996530187,0.0,0,0
347,True,no_R_COR_moderate_coupled_dispersion,44.83919168594697,-142.32524492822364,2.6535943718640773,0.009122751782941661,-0.01409452568168381,0.005283793942198569,149.24499997661005,0.017601100326639356,7.455410029308222e-05,6780.0,49.20455700984868,nan,nan,0.7427663048218995,0.0,0.6439972241498959,1.0,0.25607217210270644,0.0,0,0
354,True,no_R_COR_moderate_coupled_dispersion,38.34544534999988,-142.7810266264776,-12.494058532864067,-0.018314590069219695,0.023196658444585322,-0.0020733880470398865,148.3674365965233,0.02962782662282065,7.455410029308222e-05,6860.0,29.381951408762664,nan,nan,0.7867656324962452,0.0,0.6280360860513532,1.0,0.28452463566967384,0.0,0,0
359,True,no_R_COR_large_alongtrack_velocity_dispersion,-41.25346460202238,-15.864080456581462,-1.0925624705757926,-0.007997933714179294,-0.04171613589879802,-0.0014798112738599566,44.21211466504757,0.04250167972480186,7.455410029308222e-05,6925.0,10.196226284373585,nan,nan,1.063158631961525,0.0,0.5787647467036781,1.0,0.24080499653018736,0.0,0,0
368,True,no_R_COR_moderate_coupled_dispersion,46.69931531836551,-133.79043110516318,15.812372759140558,0.0013424222859903835,0.013624597202391495,-0.0025630278899711704,142.5858921449929,0.013928419095005286,7.455410029308222e-05,6600.0,88.61258916345483,nan,nan,0.7217315353481304,0.0,0.5829285218598196,1.0,0.30950728660652327,0.0,0,0
371,True,no_R_COR_large_alongtrack_velocity_dispersion,49.17025458292636,193.9514223722258,-19.404079650561634,0.007717290549661228,0.0471978959383033,-0.004474308543125314,201.02583536213615,0.048033502801376894,7.455410029308222e-05,6935.0,13.326665962359495,nan,nan,0.9526310458627041,0.0,0.31714087439278277,1.0,0.3678001387925052,0.0,0,0
374,True,no_R_COR_moderate_coupled_dispersion,41.12428932388134,10.252883644471922,12.070588207197929,-0.018703284158671445,0.02989490861943249,-0.002576022601392374,44.068445571509855,0.03535752101218514,7.455410029308222e-05,6820.0,46.90410312098209,nan,nan,1.011588678712922,0.0,0.31297709923664124,1.0,0.35808466342817485,0.0,0,0
376,True,no_R_COR_large_alongtrack_velocity_dispersion,44.85668589856614,-105.39502837949203,-14.467572681411337,0.007039914633734701,0.04444194469881553,-0.000504923672588288,115.45364843177747,0.04499890881541451,7.455410029308222e-05,6560.0,83.13858100449386,nan,nan,0.7435961705341226,0.0,0.31228313671061764,1.0,0.3546148507980569,0.0,0,0
413,True,no_R_COR_large_alongtrack_velocity_dispersion,-46.80788467744035,186.8095073426756,18.432460697131532,0.009257876053700383,-0.04865382552287159,0.0025557296996526445,193.46453346528665,0.04959268858746616,7.455410029308222e-05,6940.0,15.106549954970749,nan,nan,0.8878512602376734,0.0,0.7251908396946565,1.0,0.2338653712699514,0.0,0,0
418,True,no_R_COR_moderate_coupled_dispersion,-47.49612411223999,82.94101751338616,2.7549739434742015,0.008502840388296084,-0.019845498634552775,9.396683908836911e-05,95.61738373993693,0.021590528953449088,7.455410029308222e-05,6930.0,12.346896614542919,nan,nan,0.8747424082819243,0.0,0.3830673143650243,1.0,0.1963913948646773,0.0,0,0
434,True,no_R_COR_large_alongtrack_velocity_dispersion,36.28480223799704,-116.54417091890923,19.138019996064756,0.0028474927194040017,0.037616802544645486,0.00011725608685538708,123.55320496853271,0.03772460466936414,7.455410029308222e-05,6750.0,66.21081654997838,nan,nan,0.8099969955046824,0.0,0.5954198473282443,1.0,0.3039555863983345,0.0,0,0
435,True,no_R_COR_large_alongtrack_velocity_dispersion,-15.71092822731729,-160.44055194277263,-8.93914289508485,0.004666730245082681,0.04250796738496104,-0.0009410065971458548,161.45560457650328,0.04277372038760661,7.455410029308222e-05,6860.0,11.747804975454107,nan,nan,0.19382730704161896,0.0,0.5968077723802915,1.0,0.12005551700208189,0.0,0,0
437,True,no_R_COR_moderate_coupled_dispersion,-42.795464328169096,146.86719923866696,16.35965894909485,0.0005918611340287941,-0.03241495106797996,-0.00511830882171739,153.84753628253065,0.0328218896094661,7.455410029308222e-05,6925.0,10.896233794503656,nan,nan,0.8832309871250115,0.0,0.3414295628036086,1.0,0.1963913948646773,0.0,0,0
456,True,no_R_COR_large_alongtrack_position_dispersion,-49.65937707245125,154.2457883701959,-6.428726214877226,-0.017640448310137443,0.008165505332349901,-0.0009675902691964142,162.17011278874108,0.019462711138079125,7.455410029308222e-05,6945.0,14.015401026002285,nan,nan,0.7563996644005553,0.0,0.43789035392088826,1.0,0.15128383067314366,0.0,0,0
462,True,no_R_COR_moderate_coupled_dispersion,43.68799802569018,-99.73506436256385,-19.894424507545875,0.010419513779766708,-0.006652783448070854,0.0034451056672461875,110.68655004734724,0.01283333737077638,7.455410029308222e-05,6920.0,15.882903260699061,nan,nan,0.7834122984920859,0.0,0.4170714781401804,1.0,0.24635669673837612,0.0,0,0
464,True,no_R_COR_moderate_coupled_dispersion,48.149002593247545,-24.637487242033814,12.830139280131306,0.002862711916225051,0.0033176042806681086,-0.008793252220524525,55.58727104538867,0.009824606979017724,7.455410029308222e-05,6780.0,53.94954458814946,nan,nan,0.7318892791895713,0.0,0.30811936155447606,1.0,0.27966689798750866,0.0,0,0
473,True,no_R_COR_large_alongtrack_velocity_dispersion,-9.803110959658532,-139.75614146481178,5.764342498315255,-0.008125653014224085,-0.043211395070833825,0.0020659202259400364,140.21807196669673,0.04401725715279405,7.455410029308222e-05,6870.0,12.621392682055038,nan,nan,0.35074834064085897,0.0,0.4718945176960444,1.0,0.12421929215822346,0.0,0,0
498,True,no_R_COR_large_alongtrack_position_dispersion,46.23433077159048,-183.58024727680484,-4.886405815879762,-0.013724408526347577,0.019393803273761195,0.005642785981594086,189.37581021320307,0.024419664789949662,7.455410029308222e-05,6635.0,76.41810567113613,nan,nan,0.7909751181840188,0.0,0.7161693268563497,1.0,0.3164469118667592,0.0,0,0
528,True,no_R_COR_moderate_coupled_dispersion,39.07122703607878,-120.93714327215102,14.769641191593735,-0.0005291283664454263,-0.0035970332091148846,-0.002675258013659711,127.94723797668327,0.004513937325141216,7.455410029308222e-05,6900.0,11.64256221624887,nan,nan,0.7465347332489035,0.0,0.6335877862595419,1.0,0.14226231783483692,0.0,0,0
534,True,no_R_COR_large_alongtrack_position_dispersion,47.531508728195945,-198.67274002423363,-9.485199774679218,0.0177612671079156,-0.0023689347930461943,-0.007090930235989694,204.49956226232092,0.019270592957771233,7.455410029308222e-05,6630.0,69.04521759970564,nan,nan,0.7255679400971115,0.0,0.3039555863983345,1.0,0.27203331020124916,0.0,0,0
535,True,no_R_COR_large_alongtrack_velocity_dispersion,49.35480852677591,-119.02163745396153,14.319496832524123,-0.013415611702129265,-0.047255041884995824,0.0013039991720648972,129.64218177920966,0.049139780572727054,7.455410029308222e-05,6885.0,17.340008728626653,nan,nan,0.6828123468365157,0.0,0.7335183900069396,1.0,0.22761970853573907,0.0,0,0
543,True,no_R_COR_large_alongtrack_velocity_dispersion,49.26597514412764,-12.603596843046688,16.481441941254793,-0.009609307502289072,0.049456184501055545,0.0001609553237120094,53.456757185100656,0.05038133466565001,7.455410029308222e-05,6510.0,97.68130460220681,nan,nan,0.8215184789094456,0.0,0.28521859819569745,1.0,0.34004163775156143,0.0,0,0
548,True,no_R_COR_moderate_coupled_dispersion,49.87446104875056,-32.26909368361933,-1.63748238282162,0.004188569661116786,0.0006890474306500138,-0.009978615646486338,59.4259002508131,0.010843969401838762,7.455410029308222e-05,6800.0,47.31596079539548,nan,nan,0.7518903942236725,0.0,0.30950728660652327,1.0,0.2741151977793199,0.0,0,0
557,True,no_R_COR_large_alongtrack_velocity_dispersion,37.77633241036355,-85.28824421295549,-14.759681250425762,-0.0019925972080617645,0.03981665309911757,0.0018029427809196311,94.44037315640588,0.03990722879780447,7.455410029308222e-05,6815.0,43.746366908402486,nan,nan,0.8332444271384652,0.0,0.5579458709229702,1.0,0.3157529493407356,0.0,0,0
570,True,no_R_COR_large_alongtrack_velocity_dispersion,-37.17085797686666,127.43230608505888,-19.530028303287867,-0.0035467715424740733,-0.038525162509176904,0.004451350530207024,134.17185741585212,0.03894332107404,7.455410029308222e-05,6940.0,11.055776845827275,nan,nan,0.8758331907199439,0.0,0.38792505204718947,1.0,0.19569743233865372,0.0,0,0
572,True,no_R_COR_large_alongtrack_velocity_dispersion,-46.731673225906874,190.7384741856946,15.403317792082703,-0.017345720881265174,-0.035931098670885925,0.006174070785109979,196.98293585025002,0.04037371712695337,7.455410029308222e-05,6940.0,15.357601374598737,nan,nan,0.8565445222056749,0.0,0.7251908396946565,1.0,0.2338653712699514,0.0,0,0
635,True,no_R_COR_large_alongtrack_velocity_dispersion,-6.844333358263732,-118.53993806679522,-4.764425048055569,-0.017757757441256156,-0.04241984683927709,-0.004028414310264539,118.83291447253671,0.04616285819861417,7.455410029308222e-05,6870.0,11.359910207549284,nan,nan,0.35930933563913625,0.0,0.4302567661346287,1.0,0.12005551700208189,0.0,0,0
643,True,no_R_COR_large_alongtrack_position_dispersion,3.028959230833891,-190.55581127805738,-3.7882650868960326,0.004187978956879203,-0.028035786885700145,0.001839285217502245,190.6175300391579,0.028406469054688608,7.455410029308222e-05,6860.0,12.416194058581905,nan,nan,0.15133054677132166,0.0,0.5170020818875781,1.0,0.12074947952810548,0.0,0,0
655,True,no_R_COR_large_alongtrack_velocity_dispersion,-49.635250605089276,-73.86370519727974,18.763650498986486,-0.0017637413369517192,-0.03543731469398112,-0.009820620292212048,90.94822498624579,0.03681519576408266,7.455410029308222e-05,6935.0,13.226759686180449,nan,nan,1.0704032841584188,0.0,0.5579458709229702,1.0,0.238029146426093,0.0,0,0
666,True,no_R_COR_moderate_coupled_dispersion,-45.63305908223845,104.28969269703987,16.113974070529878,-0.004984802493810281,-0.03181146122448486,0.007108088587676963,114.9711974556749,0.032974872926358104,7.455410029308222e-05,6925.0,11.585719514646211,nan,nan,0.8730182313491399,0.0,0.6745315752949341,1.0,0.1963913948646773,0.0,0,0
668,True,no_R_COR_large_alongtrack_velocity_dispersion,41.410339780495946,113.02212298422603,18.625332616978632,-0.008569988861244835,0.04102234309197417,-0.0015145032139534977,121.80196853783082,0.041935319979971256,7.455410029308222e-05,6850.0,42.98348340963847,nan,nan,0.7801585673467266,0.0,0.39555863983344897,1.0,0.32130464954892435,0.0,0,0
669,True,no_R_COR_moderate_coupled_dispersion,-41.80334301552479,146.87830865190705,-2.3454503663699313,0.007016473933555908,-0.03342617786731453,0.006693271660446068,152.7293625244982,0.03480431235921991,7.455410029308222e-05,6935.0,11.670741465770885,nan,nan,0.8892788653852762,0.0,0.3795975017349063,1.0,0.19569743233865372,0.0,0,0
674,True,no_R_COR_large_alongtrack_velocity_dispersion,-44.06365590203224,-40.828205268716744,-9.91304822966185,-0.010953478443690585,-0.04373920711507784,-0.006841630745279841,60.883631972154646,0.04560597373510217,7.455410029308222e-05,6930.0,14.559336301694138,nan,nan,1.082927999987628,0.0,0.5579458709229702,1.0,0.238029146426093,0.0,0,0
675,True,no_R_COR_moderate_coupled_dispersion,41.93550211418447,8.503309926184102,10.406654116050827,-0.006774417408885252,0.026605236347545927,0.008019260278568007,44.036247196606446,0.02860139625532301,7.455410029308222e-05,6745.0,59.78545610391694,nan,nan,0.9294042562681297,0.0,0.30881332408049966,1.0,0.36224843858431643,0.0,0,0
676,True,no_R_COR_moderate_coupled_dispersion,42.65122355202389,-4.467433813114013,6.140574300013707,-0.0036899173300998372,0.011186863027789332,0.0013762635750759738,43.321951572998884,0.011859826968955824,7.455410029308222e-05,6865.0,36.98535560186553,nan,nan,1.0239016774066902,0.0,0.30881332408049966,1.0,0.31228313671061764,0.0,0,0
688,True,no_R_COR_moderate_coupled_dispersion,-45.36752822219522,63.265889157014556,-6.41945315888111,-0.00010942408520155447,-0.021380772033254426,0.0012750331017381458,78.1152656442926,0.0214190358274817,7.455410029308222e-05,6935.0,11.965703748329213,nan,nan,0.8693388010054384,0.0,0.42470506592644,1.0,0.1963913948646773,0.0,0,0
703,True,no_R_COR_large_alongtrack_velocity_dispersion,48.80363267125732,-101.4901615612629,12.265679656910791,-0.010114974376702347,-0.04206327029308941,0.008613469696272974,113.2806000738353,0.044111486878130234,7.455410029308222e-05,6860.0,29.52741016485042,nan,nan,0.680332399208895,0.0,0.7120055517002082,1.0,0.28383067314365024,0.0,0,0
709,True,no_R_COR_moderate_coupled_dispersion,45.760494901465876,-122.57211670600809,12.273228458713149,0.004561345075551278,0.022821138851756614,0.0016311443480663372,131.40996470670754,0.023329613783207814,7.455410029308222e-05,6590.0,89.46459268015956,nan,nan,0.7422621236168929,0.0,0.5829285218598196,1.0,0.30881332408049966,0.0,0,0
727,True,no_R_COR_moderate_coupled_dispersion,42.88475633119313,-52.254842607769405,13.955824409634097,-0.01928758289114727,0.0212471410819228,0.009735339705949192,69.02489360007085,0.03030228864505517,7.455410029308222e-05,6815.0,50.38029723285587,nan,nan,0.7909815125111753,0.0,0.6828591256072172,1.0,0.3157529493407356,0.0,0,0
733,True,no_R_COR_large_alongtrack_position_dispersion,-38.98099635804301,163.68879149105982,-7.305458406124021,-0.010637599788285114,-0.03465672834572502,-0.005274846615998188,168.42478516950237,0.036634292073239406,7.455410029308222e-05,6945.0,12.297698427951788,nan,nan,0.8662330261677296,0.0,0.3462873004857738,1.0,0.19430950728660654,0.0,0,0
746,True,no_R_COR_large_alongtrack_velocity_dispersion,38.65500569861908,68.36131714893122,-5.523584222259238,-0.0013659342787532766,0.04605051249911321,-0.002231475517317525,78.72730867086352,0.04612477599803865,7.455410029308222e-05,6915.0,28.72172318485343,nan,nan,1.1802952569185985,0.0,0.2963219986120749,1.0,0.36363636363636365,0.0,0,0
763,True,no_R_COR_moderate_coupled_dispersion,31.983702169982166,-127.83008024907359,-6.1194039931851485,-0.000779837952837252,0.030493873031507635,0.0018602664643312377,131.91259881533122,0.030560514246535667,7.455410029308222e-05,6895.0,12.785351316883919,nan,nan,0.855980010849437,0.0,0.6252602359472589,1.0,0.16585704371963914,0.0,0,0
793,True,no_R_COR_moderate_coupled_dispersion,41.85467154393514,-79.90286420110668,16.61058175008013,0.004082133590741912,0.020208393902340124,0.009365500517727663,91.71800621288757,0.0226441073728323,7.455410029308222e-05,6720.0,71.59943734121242,nan,nan,0.7493426277180426,0.0,0.6328938237335184,1.0,0.3157529493407356,0.0,0,0
814,True,no_R_COR_moderate_coupled_dispersion,-40.79514177667248,148.38950883628775,-6.925527049043669,-0.019102314816091256,-0.023703810289575925,0.004654177007301814,154.05081255923503,0.03079659749375833,7.455410029308222e-05,6930.0,11.36713325603041,nan,nan,0.8486839328621563,0.0,0.6752255378209576,1.0,0.15405968077723803,0.0,0,0
815,True,no_R_COR_moderate_coupled_dispersion,47.54102155587718,-118.83942837486443,18.786879896927033,-0.007886543249476024,0.01982793293809268,0.009692891042116852,129.3673271089052,0.023437078012792156,7.455410029308222e-05,6615.0,89.23382011242427,nan,nan,0.739238489578548,0.0,0.6245662734212353,1.0,0.30881332408049966,0.0,0,0
818,True,no_R_COR_large_alongtrack_position_dispersion,34.066957284474185,-171.0677919617348,-10.97412100465187,-0.009126204039762973,0.020094525170945163,-0.0021069301409860335,174.77178936290122,0.02217017583692403,7.455410029308222e-05,6895.0,13.39091206525574,nan,nan,0.8249316034109789,0.0,0.6585704371963914,1.0,0.18112421929215822,0.0,0,0
825,True,no_R_COR_large_alongtrack_velocity_dispersion,34.989214486144235,-21.600080228192326,12.901171171643092,-0.00016608190380123025,0.036785617667429646,0.008144662315708569,43.09580970142904,0.037676846664894945,7.455410029308222e-05,6880.0,29.369797283783146,nan,nan,1.1400778924496788,0.0,0.37682165163081194,1.0,0.3525329632199861,0.0,0,0
867,True,no_R_COR_large_alongtrack_velocity_dispersion,43.213040861951214,-193.03610591457024,10.85267757382594,0.0018912960168003187,-0.03717606677170861,0.002506807547627242,198.11129623956145,0.03730845782551917,7.455410029308222e-05,6900.0,11.049966784812597,nan,nan,0.6296870297781518,0.0,0.7335183900069396,1.0,0.12074947952810548,0.0,0,0
873,True,no_R_COR_large_alongtrack_velocity_dispersion,33.43301329224174,-70.11196091236599,-3.786194990015268,0.009933298170685098,0.03599684600045881,-0.0008936367001596366,77.76752994199292,0.03735293724836583,7.455410029308222e-05,6905.0,11.15380535385721,nan,nan,0.9070248223836053,0.0,0.36294240111034004,1.0,0.16169326856349758,0.0,0,0
889,True,no_R_COR_large_alongtrack_velocity_dispersion,-46.649892447955985,196.3876549922593,5.019802210171758,-0.015924033057812162,-0.03795378937780752,-0.00840166538067458,201.91464016508007,0.0420077723538168,7.455410029308222e-05,6970.0,17.065454944162365,nan,nan,0.8166798959742665,0.0,0.6960444136016655,1.0,0.22900763358778625,0.0,0,0
908,True,no_R_COR_moderate_coupled_dispersion,-48.16487483078493,65.11482033529097,-11.286479513860792,0.0002589306534438486,-0.0055693609502329156,0.006714585052427622,81.77517725189718,0.008727570045754808,7.455410029308222e-05,6930.0,11.164728078826359,nan,nan,0.8345207321946314,0.0,0.5489243580846634,1.0,0.1554476058292852,0.0,0,0
923,True,no_R_COR_moderate_coupled_dispersion,49.764514656273434,-125.93071209595949,7.295959522720832,-0.005591884074558195,0.015866959717323326,0.006074165652146938,135.6034003752379,0.017886449243608424,7.455410029308222e-05,6570.0,90.61104295694328,nan,nan,0.7467083607558769,0.0,0.6245662734212353,1.0,0.30742539902845245,0.0,0,0
926,True,no_R_COR_large_alongtrack_velocity_dispersion,45.103244463823216,-135.44202724432228,-0.9393472629853008,-0.010516975176847083,0.0413428965064877,-0.009739601331845135,142.75758396139804,0.04375730444759881,7.455410029308222e-05,6580.0,85.71907355141619,nan,nan,0.7645922518138968,0.0,0.2914642609299098,1.0,0.3532269257460097,0.0,0,0
928,True,no_R_COR_moderate_coupled_dispersion,47.12068205377868,-109.7902360528288,15.329645755386295,-0.003960188199152753,0.028571991148417394,-0.00375514349635865,120.45435919357507,0.029088535051394308,7.455410029308222e-05,6570.0,92.81996652167022,nan,nan,0.7685632924172361,0.0,0.5829285218598196,1.0,0.3046495489243581,0.0,0,0
945,True,no_R_COR_moderate_coupled_dispersion,-47.74556070615882,114.22676819050002,-13.51353698367828,0.010009452559978427,-0.03387102566093453,0.006243824696386404,124.5391858821992,0.0358667097280103,7.455410029308222e-05,6970.0,16.400368535001878,nan,nan,0.8222547307161604,0.0,0.44205412907702984,1.0,0.23247744621790423,0.0,0,0
973,True,no_R_COR_large_alongtrack_position_dispersion,28.115252496882874,-183.11102976265997,-8.069510491607534,0.019905248022790267,0.031885388133697554,0.009816254611041008,185.43255820723445,0.038849140658116496,7.455410029308222e-05,6895.0,13.560666921403298,nan,nan,0.8137714809825675,0.0,0.6585704371963914,1.0,0.17418459403192227,0.0,0,0
976,True,no_R_COR_moderate_coupled_dispersion,48.74525831940862,-65.79182710861483,17.44640958171636,-0.011745160494873237,-0.00935913537334436,-0.009225607584856545,83.72002108342272,0.017625380713524437,7.455410029308222e-05,6775.0,55.405338107144935,nan,nan,0.7464903843510112,0.0,0.5579458709229702,1.0,0.2741151977793199,0.0,0,0
994,True,no_R_COR_large_alongtrack_velocity_dispersion,47.08872331773763,-162.19537757006725,6.3283957208069594,-0.00011755013825039823,-0.04228875942624776,0.0032494385092907054,169.01105573657082,0.042413580873014285,7.455410029308222e-05,6885.0,19.137984460611356,nan,nan,0.6393800624372893,0.0,0.6335877862595419,1.0,0.2227619708535739,0.0,0,0
